{
  "version": 1,
  "author": "Uri Shaked",
  "editor": "wokwi",
  "parts": [
    {
      "type": "board-esp32-devkit-c-v4",
      "id": "esp",
      "top": 19.2,
      "left": -100.76,
      "attrs": { "env": "micropython-20231005-v1.21.0" }
    },
    { "type": "board-ssd1306", "id": "oled1", "top": 99.14, "left": 57.83, "attrs": {} },
    {
      "type": "wokwi-dht22",
      "id": "dht1",
      "top": -57.3,
      "left": -207,
      "attrs": { "temperature": "80", "humidity": "69.5" }
    },
    { "type": "wokwi-led", "id": "led1", "top": 102, "left": -217, "attrs": { "color": "red" } }
  ],
  "connections": [
    [ "esp:TX", "$serialMonitor:RX", "", [] ],
    [ "esp:RX", "$serialMonitor:TX", "", [] ],
    [ "oled1:SCL", "esp:22", "green", [ "v0" ] ],
    [ "oled1:SDA", "esp:21", "blue", [ "v-19.2", "h-124.73" ] ],
    [ "oled1:GND", "esp:GND.2", "black", [ "v-67.2", "h-96" ] ],
    [ "oled1:VCC", "esp:3V3", "red", [ "v-28.8", "h0.15", "v-76.8", "h-201.75" ] ],
    [ "esp:14", "dht1:SDA", "green", [ "h-47.85", "v-86.4" ] ],
    [ "dht1:VCC", "esp:3V3", "red", [ "v0" ] ],
    [ "dht1:GND", "esp:GND.1", "black", [ "v0" ] ],
    [ "led1:A", "esp:13", "green", [ "v0" ] ],
    [ "led1:C", "esp:GND.1", "green", [ "v19.2", "h0.4" ] ]
  ],
  "dependencies": {}
}